<FACESETTING>
    <DEFAULTFACE package="qunar_camel" emotionName="小骆驼表情包" version="1000" count="17" showall="0" line="5">
        <FACE id="4600afd7a10bab5f3a0cd0b29171058b" shortcut="4600afd7a10bab5f3a0cd0b29171058b" realname="01_憨" tip="custom" multiframe="1">
            <FILE_ORG>4600afd7a10bab5f3a0cd0b29171058b.gif</FILE_ORG>
            <FILE_FIXED>4600afd7a10bab5f3a0cd0b29171058b.gif</FILE_FIXED>
        </FACE>
        <FACE id="ca04c6890cd7b54472afa6014649b095" shortcut="ca04c6890cd7b54472afa6014649b095" realname="02_惊" tip="custom" multiframe="1">
            <FILE_ORG>ca04c6890cd7b54472afa6014649b095.gif</FILE_ORG>
            <FILE_FIXED>ca04c6890cd7b54472afa6014649b095.gif</FILE_FIXED>
        </FACE>
        <FACE id="bf63c198ffdee0619dbfb5b761e91681" shortcut="bf63c198ffdee0619dbfb5b761e91681" realname="03_闪烁" tip="custom" multiframe="1">
            <FILE_ORG>bf63c198ffdee0619dbfb5b761e91681.gif</FILE_ORG>
            <FILE_FIXED>bf63c198ffdee0619dbfb5b761e91681.gif</FILE_FIXED>
        </FACE>
        <FACE id="eda23d07c90645fe339935d393fdef5c" shortcut="eda23d07c90645fe339935d393fdef5c" realname="04_花痴" tip="custom" multiframe="1">
            <FILE_ORG>eda23d07c90645fe339935d393fdef5c.gif</FILE_ORG>
            <FILE_FIXED>eda23d07c90645fe339935d393fdef5c.gif</FILE_FIXED>
        </FACE>
        <FACE id="5e102f1b15b4be731edc1b3dc4ead0b5" shortcut="5e102f1b15b4be731edc1b3dc4ead0b5" realname="05_亲亲" tip="custom" multiframe="1">
            <FILE_ORG>5e102f1b15b4be731edc1b3dc4ead0b5.gif</FILE_ORG>
            <FILE_FIXED>5e102f1b15b4be731edc1b3dc4ead0b5.gif</FILE_FIXED>
        </FACE>
        <FACE id="2af594981a571f724f684e8bf6267198" shortcut="2af594981a571f724f684e8bf6267198" realname="06_调皮" tip="custom" multiframe="1">
            <FILE_ORG>2af594981a571f724f684e8bf6267198.gif</FILE_ORG>
            <FILE_FIXED>2af594981a571f724f684e8bf6267198.gif</FILE_FIXED>
        </FACE>
        <FACE id="e0ed60f27f7c104fda45b64ff3c4edb9" shortcut="e0ed60f27f7c104fda45b64ff3c4edb9" realname="07_不满" tip="custom" multiframe="1">
            <FILE_ORG>e0ed60f27f7c104fda45b64ff3c4edb9.gif</FILE_ORG>
            <FILE_FIXED>e0ed60f27f7c104fda45b64ff3c4edb9.gif</FILE_FIXED>
        </FACE>
        <FACE id="7d1cb7cce608af3531fff8cf93f8eca7" shortcut="7d1cb7cce608af3531fff8cf93f8eca7" realname="08_糗" tip="custom" multiframe="1">
            <FILE_ORG>7d1cb7cce608af3531fff8cf93f8eca7.gif</FILE_ORG>
            <FILE_FIXED>7d1cb7cce608af3531fff8cf93f8eca7.gif</FILE_FIXED>
        </FACE>
        <FACE id="644ffa020bf7288b05b48931fa80d795" shortcut="644ffa020bf7288b05b48931fa80d795" realname="09_哭" tip="custom" multiframe="1">
            <FILE_ORG>644ffa020bf7288b05b48931fa80d795.gif</FILE_ORG>
            <FILE_FIXED>644ffa020bf7288b05b48931fa80d795.gif</FILE_FIXED>
        </FACE>
        <FACE id="6418db6e745c5a2a9330245aa4c3f9e8" shortcut="6418db6e745c5a2a9330245aa4c3f9e8" realname="10_闪亮登场" tip="custom" multiframe="1">
            <FILE_ORG>6418db6e745c5a2a9330245aa4c3f9e8.gif</FILE_ORG>
            <FILE_FIXED>6418db6e745c5a2a9330245aa4c3f9e8.gif</FILE_FIXED>
        </FACE>
        <FACE id="2167744a78c17f239e59a9b25c2c3632" shortcut="2167744a78c17f239e59a9b25c2c3632" realname="11_得意" tip="custom" multiframe="1">
            <FILE_ORG>2167744a78c17f239e59a9b25c2c3632.gif</FILE_ORG>
            <FILE_FIXED>2167744a78c17f239e59a9b25c2c3632.gif</FILE_FIXED>
        </FACE>
        <FACE id="0e37e4d60bfe10e9d2fd3a776f0dbe6d" shortcut="0e37e4d60bfe10e9d2fd3a776f0dbe6d" realname="12_自恋" tip="custom" multiframe="1">
            <FILE_ORG>0e37e4d60bfe10e9d2fd3a776f0dbe6d.gif</FILE_ORG>
            <FILE_FIXED>0e37e4d60bfe10e9d2fd3a776f0dbe6d.gif</FILE_FIXED>
        </FACE>
        <FACE id="56f6fbb96912dca26d1b0e16ac6d4439" shortcut="56f6fbb96912dca26d1b0e16ac6d4439" realname="13_飞奔" tip="custom" multiframe="1">
            <FILE_ORG>56f6fbb96912dca26d1b0e16ac6d4439.gif</FILE_ORG>
            <FILE_FIXED>56f6fbb96912dca26d1b0e16ac6d4439.gif</FILE_FIXED>
        </FACE>
        <FACE id="0e98d9a5261a7cb5709d1ec1985effce" shortcut="0e98d9a5261a7cb5709d1ec1985effce" realname="14_落寞" tip="custom" multiframe="1">
            <FILE_ORG>0e98d9a5261a7cb5709d1ec1985effce.gif</FILE_ORG>
            <FILE_FIXED>0e98d9a5261a7cb5709d1ec1985effce.gif</FILE_FIXED>
        </FACE>
        <FACE id="a3101b226915b375264e7a625a713603" shortcut="a3101b226915b375264e7a625a713603" realname="15_糗大了" tip="custom" multiframe="1">
            <FILE_ORG>a3101b226915b375264e7a625a713603.gif</FILE_ORG>
            <FILE_FIXED>a3101b226915b375264e7a625a713603.gif</FILE_FIXED>
        </FACE>
        <FACE id="bb14203b9dd5cc8898eea6b283ecaf68" shortcut="bb14203b9dd5cc8898eea6b283ecaf68" realname="16_心碎" tip="custom" multiframe="1">
            <FILE_ORG>bb14203b9dd5cc8898eea6b283ecaf68.gif</FILE_ORG>
            <FILE_FIXED>bb14203b9dd5cc8898eea6b283ecaf68.gif</FILE_FIXED>
        </FACE>
        <FACE id="08771bc18c2f431da7904018c72e2b1f" shortcut="08771bc18c2f431da7904018c72e2b1f" realname="17_欺负人" tip="custom" multiframe="1">
            <FILE_ORG>08771bc18c2f431da7904018c72e2b1f.gif</FILE_ORG>
            <FILE_FIXED>08771bc18c2f431da7904018c72e2b1f.gif</FILE_FIXED>
        </FACE>
    </DEFAULTFACE>
</FACESETTING>
